rank,web_name,player_url,real_name,3P
,,,,
,,,,
,,,,
1,"Ray Allen*
",/players/a/allenra02.html,Ray Allen*,2973
,,,,
2,"Stephen Curry
",/players/c/curryst01.html,Stephen Curry,2664
,,,,
3,"Reggie Miller*
",/players/m/millere01.html,Reggie Miller*,2560
,,,,
4,"Kyle Korver
",/players/k/korveky01.html,Kyle Korver,2450
,,,,
5,"James Harden
",/players/h/hardeja01.html,James Harden,2425
,,,,
6,"Vince Carter
",/players/c/cartevi01.html,Vince Carter,2290
,,,,
7,"Jason Terry
",/players/t/terryja01.html,Jason Terry,2282
,,,,
8,"Jamal Crawford
",/players/c/crawfja01.html,Jamal Crawford,2221
,,,,
9,"Paul Pierce
",/players/p/piercpa01.html,Paul Pierce,2143
,,,,
10,"Jason Kidd*
",/players/k/kiddja01.html,Jason Kidd*,1988
,,,,
11,"Dirk Nowitzki
",/players/n/nowitdi01.html,Dirk Nowitzki,1982
,,,,
12,"Joe Johnson
",/players/j/johnsjo02.html,Joe Johnson,1978
,,,,
13,"LeBron James
",/players/j/jamesle01.html,LeBron James,1961
,,,,
14,J,/players/r/redicjj01.html,J.J. Redick,1935
,,,,
15,J,/players/s/smithjr01.html,J.R. Smith,1930
,,,,
16,"Damian Lillard
",/players/l/lillada01.html,Damian Lillard,1922
,,,,
17,"Chauncey Billups
",/players/b/billuch01.html,Chauncey Billups,1830
,,,,
18,"Kobe Bryant*
",/players/b/bryanko01.html,Kobe Bryant*,1827
,,,,
19,"Klay Thompson
",/players/t/thompkl01.html,Klay Thompson,1798
,,,,
20,"Rashard Lewis
",/players/l/lewisra02.html,Rashard Lewis,1787
,,,,
21,"Kyle Lowry
",/players/l/lowryky01.html,Kyle Lowry,1779
,,,,
22,"Peja Stojaković
",/players/s/stojape01.html,Peja Stojaković,1760
,,,,
23,"Dale Ellis
",/players/e/ellisda01.html,Dale Ellis,1719
,,,,
24,"Wesley Matthews
",/players/m/matthwe02.html,Wesley Matthews,1694
,,,,
25,"Paul George
",/players/g/georgpa01.html,Paul George,1685
,,,,
0,"Steve Nash*
",/players/n/nashst01.html,Steve Nash*,1685
,,,,
27,"Eric Gordon
",/players/g/gordoer01.html,Eric Gordon,1619
,,,,
0,"Kevin Durant
",/players/d/duranke01.html,Kevin Durant,1619
,,,,
29,"Jason Richardson
",/players/r/richaja01.html,Jason Richardson,1608
,,,,
30,"Mike Miller
",/players/m/millemi01.html,Mike Miller,1590
,,,,
31,"Glen Rice
",/players/r/ricegl01.html,Glen Rice,1559
,,,,
32,"Eddie Jones
",/players/j/jonesed02.html,Eddie Jones,1546
,,,,
33,"Tim Hardaway
",/players/h/hardati01.html,Tim Hardaway,1542
,,,,
34,"Trevor Ariza
",/players/a/arizatr01.html,Trevor Ariza,1535
,,,,
35,"Nick Van Exel
",/players/v/vanexni01.html,Nick Van Exel,1528
,,,,
36,"Kemba Walker
",/players/w/walkeke02.html,Kemba Walker,1522
,,,,
37,"Mike Bibby
",/players/b/bibbymi01.html,Mike Bibby,1517
,,,,
38,"Carmelo Anthony
",/players/a/anthoca01.html,Carmelo Anthony,1509
,,,,
39,"Manu Ginóbili
",/players/g/ginobma01.html,Manu Ginóbili,1495
,,,,
40,"Michael Finley
",/players/f/finlemi01.html,Michael Finley,1454
,,,,
41,"Chris Paul
",/players/p/paulch01.html,Chris Paul,1431
,,,,
42,"Brent Barry
",/players/b/barrybr01.html,Brent Barry,1395
,,,,
43,"Lou Williams
",/players/w/willilo02.html,Lou Williams,1390
,,,,
44,"Antoine Walker
",/players/w/walkean02.html,Antoine Walker,1386
,,,,
45,"Danny Green
",/players/g/greenda02.html,Danny Green,1363
,,,,
46,"Dan Majerle
",/players/m/majerda01.html,Dan Majerle,1360
,,,,
47,"Baron Davis
",/players/d/davisba01.html,Baron Davis,1332
,,,,
48,"Mitch Richmond*
",/players/r/richmmi01.html,Mitch Richmond*,1326
,,,,
49,"Ryan Anderson
",/players/a/anderry01.html,Ryan Anderson,1325
,,,,
50,"Bradley Beal
",/players/b/bealbr01.html,Bradley Beal,1315
,,,,
0,"Nicolas Batum
",/players/b/batumni01.html,Nicolas Batum,1315
,,,,
52,"Allan Houston
",/players/h/houstal01.html,Allan Houston,1305
,,,,
53,"Mike Dunleavy
",/players/d/dunlemi02.html,Mike Dunleavy,1304
,,,,
54,"Terry Porter
",/players/p/portete01.html,Terry Porter,1297
,,,,
55,"Mookie Blaylock
",/players/b/blaylmo01.html,Mookie Blaylock,1283
,,,,
56,"Mike Conley
",/players/c/conlemi01.html,Mike Conley,1263
,,,,
57,"Danilo Gallinari
",/players/g/gallida01.html,Danilo Gallinari,1258
,,,,
58,"Vernon Maxwell
",/players/m/maxweve01.html,Vernon Maxwell,1256
,,,,
59,"Clifford Robinson
",/players/r/robincl02.html,Clifford Robinson,1253
,,,,
60,"Stephen Jackson
",/players/j/jacksst02.html,Stephen Jackson,1252
,,,,
61,"Shane Battier
",/players/b/battish01.html,Shane Battier,1250
,,,,
0,C,/players/m/milescj01.html,C.J. Miles,1250
,,,,
63,"Derek Fisher
",/players/f/fishede01.html,Derek Fisher,1248
,,,,
64,"Hedo Türkoğlu
",/players/t/turkohe01.html,Hedo Türkoğlu,1246
,,,,
65,"Dell Curry
",/players/c/curryde01.html,Dell Curry,1245
,,,,
66,"Jason Williams
",/players/w/willija02.html,Jason Williams,1238
,,,,
67,"Damon Stoudamire
",/players/s/stoudda01.html,Damon Stoudamire,1236
,,,,
68,"Hersey Hawkins
",/players/h/hawkihe01.html,Hersey Hawkins,1226
,,,,
0,"Kevin Love
",/players/l/loveke01.html,Kevin Love,1226
,,,,
70,"John Starks
",/players/s/starkjo01.html,John Starks,1222
,,,,
71,"Chuck Person
",/players/p/persoch01.html,Chuck Person,1220
,,,,
72,"Marco Belinelli
",/players/b/belinma01.html,Marco Belinelli,1216
,,,,
73,"Dennis Scott
",/players/s/scottde01.html,Dennis Scott,1214
,,,,
74,"Kyrie Irving
",/players/i/irvinky01.html,Kyrie Irving,1195
,,,,
75,"Deron Williams
",/players/w/willide01.html,Deron Williams,1178
,,,,
76,"Kirk Hinrich
",/players/h/hinriki01.html,Kirk Hinrich,1172
,,,,
77,"Ben Gordon
",/players/g/gordobe01.html,Ben Gordon,1171
,,,,
78,"Quentin Richardson
",/players/r/richaqu01.html,Quentin Richardson,1167
,,,,
79,"Antawn Jamison
",/players/j/jamisan01.html,Antawn Jamison,1163
,,,,
80,D,/players/a/augusdj01.html,D.J. Augustin,1156
,,,,
81,"Metta World Peace
",/players/a/artesro01.html,Metta World Peace,1154
,,,,
82,"Jameer Nelson
",/players/n/nelsoja01.html,Jameer Nelson,1153
,,,,
83,"Wesley Person
",/players/p/persowe01.html,Wesley Person,1150
,,,,
84,"Steve Smith
",/players/s/smithst01.html,Steve Smith,1148
,,,,
85,"Patty Mills
",/players/m/millspa02.html,Patty Mills,1147
,,,,
86,"Terrence Ross
",/players/r/rosste01.html,Terrence Ross,1141
,,,,
0,"Kevin Martin
",/players/m/martike02.html,Kevin Martin,1141
,,,,
88,"Gary Payton*
",/players/p/paytoga01.html,Gary Payton*,1132
,,,,
89,"David Wesley
",/players/w/wesleda01.html,David Wesley,1123
,,,,
90,"Latrell Sprewell
",/players/s/sprewla01.html,Latrell Sprewell,1104
,,,,
0,"Randy Foye
",/players/f/foyera01.html,Randy Foye,1104
,,,,
92,"Mo Williams
",/players/w/willima01.html,Mo Williams,1094
,,,,
93,"Wayne Ellington
",/players/e/ellinwa01.html,Wayne Ellington,1093
,,,,
94,"Dana Barros
",/players/b/barroda01.html,Dana Barros,1090
,,,,
95,"Rasheed Wallace
",/players/w/wallara01.html,Rasheed Wallace,1086
,,,,
96,"Cuttino Mobley
",/players/m/moblecu01.html,Cuttino Mobley,1085
,,,,
97,"Tracy McGrady*
",/players/m/mcgratr01.html,Tracy McGrady*,1081
,,,,
98,"CJ McCollum
",/players/m/mccolcj01.html,CJ McCollum,1080
,,,,
99,"Gilbert Arenas
",/players/a/arenagi01.html,Gilbert Arenas,1079
,,,,
100,"Lindsey Hunter
",/players/h/hunteli01.html,Lindsey Hunter,1075
,,,,
101,"Derek Harper
",/players/h/harpede01.html,Derek Harper,1070
,,,,
102,"Allen Iverson*
",/players/i/iversal01.html,Allen Iverson*,1059
,,,,
103,"Nick Anderson
",/players/a/anderni01.html,Nick Anderson,1055
,,,,
104,"Channing Frye
",/players/f/fryech01.html,Channing Frye,1049
,,,,
105,"Marvin Williams
",/players/w/willima02.html,Marvin Williams,1046
,,,,
106,"Michael Redd
",/players/r/reddmi01.html,Michael Redd,1045
,,,,
107,"Richard Jefferson
",/players/j/jefferi01.html,Richard Jefferson,1042
,,,,
108,"Tim Hardaway
",/players/h/hardati02.html,Tim Hardaway,1041
,,,,
0,"Andre Iguodala
",/players/i/iguodan01.html,Andre Iguodala,1041
,,,,
110,"Nick Young
",/players/y/youngni01.html,Nick Young,1039
,,,,
111,"Steve Blake
",/players/b/blakest01.html,Steve Blake,1037
,,,,
112,"James Posey
",/players/p/poseyja01.html,James Posey,1035
,,,,
113,"Goran Dragić
",/players/d/dragigo01.html,Goran Dragić,1026
,,,,
114,"Rudy Gay
",/players/g/gayru01.html,Rudy Gay,1018
,,,,
115,"Buddy Hield
",/players/h/hieldbu01.html,Buddy Hield,1013
,,,,
116,"Isaiah Thomas
",/players/t/thomais02.html,Isaiah Thomas,1011
,,,,
117,"Morris Peterson
",/players/p/petermo01.html,Morris Peterson,1009
,,,,
118,"Russell Westbrook
",/players/w/westbru01.html,Russell Westbrook,1007
,,,,
119,"Danny Granger
",/players/g/grangda01.html,Danny Granger,1006
,,,,
120,"Danny Ainge
",/players/a/aingeda01.html,Danny Ainge,1002
,,,,
121,"Rafer Alston
",/players/a/alstora01.html,Rafer Alston,996
,,,,
122,"Stephon Marbury
",/players/m/marbust01.html,Stephon Marbury,991
,,,,
123,"Joe Dumars*
",/players/d/dumarjo01.html,Joe Dumars*,990
,,,,
124,"Jerry Stackhouse
",/players/s/stackje01.html,Jerry Stackhouse,988
,,,,
0,"Leandro Barbosa
",/players/b/barbole01.html,Leandro Barbosa,988
,,,,
126,"Khris Middleton
",/players/m/middlkh01.html,Khris Middleton,986
,,,,
127,"Evan Fournier
",/players/f/fournev01.html,Evan Fournier,985
,,,,
128,"Robert Covington
",/players/c/covinro01.html,Robert Covington,984
,,,,
129,"Matt Barnes
",/players/b/barnema02.html,Matt Barnes,982
,,,,
0,"Jeff Green
",/players/g/greenje02.html,Jeff Green,982
,,,,
0,"George Hill
",/players/h/hillge01.html,George Hill,982
,,,,
132,"Scottie Pippen*
",/players/p/pippesc01.html,Scottie Pippen*,978
,,,,
133,"Al Harrington
",/players/h/harrial01.html,Al Harrington,977
,,,,
134,"Mark Price
",/players/p/pricema01.html,Mark Price,976
,,,,
0,"Walt Williams
",/players/w/williwa02.html,Walt Williams,976
,,,,
136,"Jrue Holiday
",/players/h/holidjr01.html,Jrue Holiday,971
,,,,
0,"Vladimir Radmanović
",/players/r/radmavl01.html,Vladimir Radmanović,971
,,,,
138,"Bojan Bogdanović
",/players/b/bogdabo02.html,Bojan Bogdanović,970
,,,,
139,"Marcus Morris
",/players/m/morrima03.html,Marcus Morris,964
,,,,
140,"Gerald Green
",/players/g/greenge01.html,Gerald Green,962
,,,,
0,"Tim Thomas
",/players/t/thomati01.html,Tim Thomas,962
,,,,
142,"Raja Bell
",/players/b/bellra01.html,Raja Bell,956
,,,,
143,"Michael Adams
",/players/a/adamsmi01.html,Michael Adams,949
,,,,
144,"Jae Crowder
",/players/c/crowdja01.html,Jae Crowder,948
,,,,
145,"Damon Jones
",/players/j/jonesda01.html,Damon Jones,941
,,,,
146,"Anthony Peeler
",/players/p/peelean01.html,Anthony Peeler,940
,,,,
147,"Voshon Lenard
",/players/l/lenarvo01.html,Voshon Lenard,936
,,,,
148,"Chucky Atkins
",/players/a/atkinch01.html,Chucky Atkins,934
,,,,
149,"Kentavious Caldwell-Pope
",/players/c/caldwke01.html,Kentavious Caldwell-Pope,932
,,,,
150,"Raymond Felton
",/players/f/feltora01.html,Raymond Felton,925
,,,,
151,"Darrell Armstrong
",/players/a/armstda01.html,Darrell Armstrong,923
,,,,
152,"José Calderón
",/players/c/caldejo01.html,José Calderón,920
,,,,
0,"George McCloud
",/players/m/mccloge01.html,George McCloud,920
,,,,
154,"Gordon Hayward
",/players/h/haywago01.html,Gordon Hayward,915
,,,,
155,"Brandon Jennings
",/players/j/jennibr01.html,Brandon Jennings,914
,,,,
156,"Rasual Butler
",/players/b/butlera01.html,Rasual Butler,911
,,,,
157,"Donyell Marshall
",/players/m/marshdo01.html,Donyell Marshall,902
,,,,
158,"Joe Ingles
",/players/i/inglejo01.html,Joe Ingles,889
,,,,
159,"Jared Dudley
",/players/d/dudleja01.html,Jared Dudley,883
,,,,
160,"Jim Jackson
",/players/j/jacksji01.html,Jim Jackson,881
,,,,
161,"Courtney Lee
",/players/l/leeco01.html,Courtney Lee,876
,,,,
162,"Wilson Chandler
",/players/c/chandwi01.html,Wilson Chandler,874
,,,,
163,"Tobias Harris
",/players/h/harrito02.html,Tobias Harris,869
,,,,
164,"Eric Piatkowski
",/players/p/piatker01.html,Eric Piatkowski,865
,,,,
0,"Ersan İlyasova
",/players/i/ilyaser01.html,Ersan İlyasova,865
,,,,
166,"Anthony Tolliver
",/players/t/tollian01.html,Anthony Tolliver,861
,,,,
167,O,/players/m/mayooj01.html,O.J. Mayo,854
,,,,
168,"Arron Afflalo
",/players/a/afflaar01.html,Arron Afflalo,852
,,,,
169,"Sam Perkins
",/players/p/perkisa01.html,Sam Perkins,849
,,,,
170,"John Stockton*
",/players/s/stockjo01.html,John Stockton*,845
,,,,
171,"Devin Harris
",/players/h/harride01.html,Devin Harris,832
,,,,
172,"Jeff Hornacek
",/players/h/hornaje01.html,Jeff Hornacek,828
,,,,
173,"Clyde Drexler*
",/players/d/drexlcl01.html,Clyde Drexler*,827
,,,,
174,"Kawhi Leonard
",/players/l/leonaka01.html,Kawhi Leonard,824
,,,,
175,"Aaron Brooks
",/players/b/brookaa01.html,Aaron Brooks,820
,,,,
176,J,/players/b/bareajo01.html,J.J. Barea,819
,,,,
177,"Bruce Bowen
",/players/b/bowenbr01.html,Bruce Bowen,818
,,,,
178,"Eddie House
",/players/h/houseed01.html,Eddie House,817
,,,,
179,"Harrison Barnes
",/players/b/barneha02.html,Harrison Barnes,816
,,,,
180,"Chris Mullin*
",/players/m/mullich01.html,Chris Mullin*,815
,,,,
181,"Nate Robinson
",/players/r/robinna01.html,Nate Robinson,811
,,,,
182,"Anthony Morrow
",/players/m/morroan01.html,Anthony Morrow,807
,,,,
183,"D'Angelo Russell
",/players/r/russeda01.html,D'Angelo Russell,806
,,,,
184,"Doug Christie
",/players/c/chrisdo01.html,Doug Christie,805
,,,,
0,"Rex Chapman
",/players/c/chapmre01.html,Rex Chapman,805
,,,,
186,"Matt Bonner
",/players/b/bonnema01.html,Matt Bonner,797
,,,,
187,"Robert Horry
",/players/h/horryro01.html,Robert Horry,795
,,,,
188,"Shawn Marion
",/players/m/mariosh01.html,Shawn Marion,791
,,,,
189,"Martell Webster
",/players/w/webstma02.html,Martell Webster,790
,,,,
190,"Jordan Clarkson
",/players/c/clarkjo01.html,Jordan Clarkson,788
,,,,
191,"James Jones
",/players/j/jonesja02.html,James Jones,776
,,,,
192,"Byron Scott
",/players/s/scottby01.html,Byron Scott,775
,,,,
0,"Jodie Meeks
",/players/m/meeksjo01.html,Jodie Meeks,775
,,,,
194,"Rick Fox
",/players/f/foxri01.html,Rick Fox,771
,,,,
195,"Jamal Mashburn
",/players/m/mashbja01.html,Jamal Mashburn,767
,,,,
196,"Zach LaVine
",/players/l/lavinza01.html,Zach LaVine,766
,,,,
197,"Avery Bradley
",/players/b/bradlav01.html,Avery Bradley,760
,,,,
198,"Mario Chalmers
",/players/c/chalmma01.html,Mario Chalmers,755
,,,,
199,"Tracy Murray
",/players/m/murratr01.html,Tracy Murray,753
,,,,
200,"Eric Bledsoe
",/players/b/bledser01.html,Eric Bledsoe,751
,,,,
201,"Joe Harris
",/players/h/harrijo01.html,Joe Harris,748
,,,,
202,"Jalen Rose
",/players/r/roseja01.html,Jalen Rose,746
,,,,
0,"Caron Butler
",/players/b/butleca01.html,Caron Butler,746
,,,,
204,"Patrick Beverley
",/players/b/beverpa01.html,Patrick Beverley,742
,,,,
205,"Monta Ellis
",/players/e/ellismo01.html,Monta Ellis,737
,,,,
206,"Marcus Thornton
",/players/t/thornma01.html,Marcus Thornton,735
,,,,
207,"Mark Jackson
",/players/j/jacksma01.html,Mark Jackson,734
,,,,
208,"Devin Booker
",/players/b/bookede01.html,Devin Booker,732
,,,,
209,"Toni Kukoč
",/players/k/kukocto01.html,Toni Kukoč,731
,,,,
210,"Hubert Davis
",/players/d/davishu01.html,Hubert Davis,728
,,,,
211,"Steve Kerr
",/players/k/kerrst01.html,Steve Kerr,726
,,,,
0,"John Salmons
",/players/s/salmojo01.html,John Salmons,726
,,,,
213,"Justin Holiday
",/players/h/holidju01.html,Justin Holiday,718
,,,,
214,P,/players/t/tuckepj01.html,P.J. Tucker,716
,,,,
0,"Charlie Villanueva
",/players/v/villach01.html,Charlie Villanueva,716
,,,,
216,"Keith Bogans
",/players/b/boganke01.html,Keith Bogans,714
,,,,
217,"Brandon Knight
",/players/k/knighbr03.html,Brandon Knight,711
,,,,
0,"Dominique Wilkins*
",/players/w/wilkido01.html,Dominique Wilkins*,711
,,,,
0,"Victor Oladipo
",/players/o/oladivi01.html,Victor Oladipo,711
,,,,
220,"Reggie Jackson
",/players/j/jacksre01.html,Reggie Jackson,705
,,,,
221,"Kerry Kittles
",/players/k/kittlke01.html,Kerry Kittles,694
,,,,
222,"Jeff Teague
",/players/t/teaguje01.html,Jeff Teague,691
,,,,
223,"Rodney Rogers
",/players/r/rogerro01.html,Rodney Rogers,690
,,,,
224,"Bobby Jackson
",/players/j/jacksbo01.html,Bobby Jackson,689
,,,,
225,"Chandler Parsons
",/players/p/parsoch01.html,Chandler Parsons,687
,,,,
0,"Mike James
",/players/j/jamesmi01.html,Mike James,687
,,,,
227,"Bryon Russell
",/players/r/russebr01.html,Bryon Russell,685
,,,,
228,"Mickaël Piétrus
",/players/p/pietrmi01.html,Mickaël Piétrus,679
,,,,
229,"Carlos Delfino
",/players/d/delfica01.html,Carlos Delfino,678
,,,,
230,"Danny Ferry
",/players/f/ferryda01.html,Danny Ferry,677
,,,,
231,"Sam Cassell
",/players/c/cassesa01.html,Sam Cassell,672
,,,,
232,"Isaiah Rider
",/players/r/rideris01.html,Isaiah Rider,667
,,,,
233,"Kenny Smith
",/players/s/smithke01.html,Kenny Smith,664
,,,,
0,"Lamar Odom
",/players/o/odomla01.html,Lamar Odom,664
,,,,
235,"Donovan Mitchell
",/players/m/mitchdo01.html,Donovan Mitchell,661
,,,,
236,"DeMarre Carroll
",/players/c/carrode01.html,DeMarre Carroll,658
,,,,
0,"Luol Deng
",/players/d/denglu01.html,Luol Deng,658
,,,,
238,"Jon Barry
",/players/b/barryjo01.html,Jon Barry,657
,,,,
239,"Tony Snell
",/players/s/snellto01.html,Tony Snell,656
,,,,
240,"Ben McLemore
",/players/m/mclembe01.html,Ben McLemore,652
,,,,
241,"Chris Duhon
",/players/d/duhonch01.html,Chris Duhon,649
,,,,
0,"Larry Bird*
",/players/b/birdla01.html,Larry Bird*,649
,,,,
243,"Derek Anderson
",/players/a/anderde01.html,Derek Anderson,645
,,,,
244,"Austin Rivers
",/players/r/riverau01.html,Austin Rivers,640
,,,,
245,"Charlie Ward
",/players/w/wardch01.html,Charlie Ward,639
,,,,
246,"Darren Collison
",/players/c/collida01.html,Darren Collison,635
,,,,
247,"Jamal Murray
",/players/m/murraja01.html,Jamal Murray,634
,,,,
0,"Kelly Olynyk
",/players/o/olynyke01.html,Kelly Olynyk,634
,,,,
249,"Pat Garrity
",/players/g/garripa01.html,Pat Garrity,631
,,,,
250,"Kent Bazemore
",/players/b/bazemke01.html,Kent Bazemore,629
