name,url,lg,from,to,years,games,wins,losses,wlpercent,playoffs,div,conf,champ,location,seasons_played,record
Atlanta Hawks,/teams/ATL/,NBA,1949-50,2020-21,72,5654,2781,2873,.492,46,11,0,1,"Atlanta, Georgia",72,"2781-2873, .492 W-L%"
Boston Celtics,/teams/BOS/,NBA/BAA,1946-47,2020-21,75,5831,3444,2387,.591,57,31,9,17,"Boston, Massachusetts",75,"3444-2387, .591 W-L%"
Brooklyn Nets,/teams/NJN/,NBA/ABA,1967-68,2020-21,54,4330,1882,2448,.435,28,5,2,2,"Brooklyn, New York",54 (45 NBA & 9 ABA),"1882-2448, .435 W-L%"
Charlotte Hornets,/teams/CHA/,NBA,1988-89,2020-21,31,2429,1066,1363,.439,10,0,0,0,"Charlotte, North Carolina",31,"1066-1363, .439 W-L%"
Chicago Bulls,/teams/CHI/,NBA,1966-67,2020-21,55,4395,2242,2153,.510,35,9,6,6,"Chicago, Illinois",55,"2242-2153, .510 W-L%"
Cleveland Cavaliers,/teams/CLE/,NBA,1970-71,2020-21,51,4070,1881,2189,.462,22,7,5,1,"Cleveland, Ohio",51,"1881-2189, .462 W-L%"
Dallas Mavericks,/teams/DAL/,NBA,1980-81,2020-21,41,3258,1632,1626,.501,22,3,2,1,"Dallas, Texas",41,"1632-1626, .501 W-L%"
Denver Nuggets,/teams/DEN/,NBA/ABA,1967-68,2020-21,54,4330,2182,2148,.504,35,12,0,0,"Denver, Colorado",54 (45 NBA & 9 ABA),"2182-2148, .504 W-L%"
Detroit Pistons,/teams/DET/,NBA/BAA,1948-49,2020-21,73,5714,2762,2952,.483,42,11,5,3,"Detroit, Michigan",73,"2762-2952, .483 W-L%"
Golden State Warriors,/teams/GSW/,NBA/BAA,1946-47,2020-21,75,5820,2806,3014,.482,35,12,6,6,"San Francisco, California",75,"2806-3014, .482 W-L%"
Houston Rockets,/teams/HOU/,NBA,1967-68,2020-21,54,4321,2280,2041,.528,34,8,4,2,"Houston, Texas",54,"2280-2041, .528 W-L%"
Indiana Pacers,/teams/IND/,NBA/ABA,1967-68,2020-21,54,4327,2231,2096,.516,36,9,1,3,"Indianapolis, Indiana",54 (45 NBA & 9 ABA),"2231-2096, .516 W-L%"
Los Angeles Clippers,/teams/LAC/,NBA,1970-71,2020-21,51,4079,1683,2396,.413,15,2,0,0,"Los Angeles, California",51,"1683-2396, .413 W-L%"
Los Angeles Lakers,/teams/LAL/,NBA/BAA,1948-49,2020-21,73,5722,3409,2313,.596,61,33,19,17,"Los Angeles, California",73,"3409-2313, .596 W-L%"
Memphis Grizzlies,/teams/MEM/,NBA,1995-96,2020-21,26,2024,842,1182,.416,10,0,0,0,"Memphis, Tennessee",26,"842-1182, .416 W-L%"
Miami Heat,/teams/MIA/,NBA,1988-89,2020-21,33,2602,1355,1247,.521,21,14,6,3,"Miami, Florida",33,"1355-1247, .521 W-L%"
Milwaukee Bucks,/teams/MIL/,NBA,1968-69,2020-21,53,4242,2206,2036,.520,32,15,2,1,"Milwaukee, Wisconsin",53,"2206-2036, .520 W-L%"
Minnesota Timberwolves,/teams/MIN/,NBA,1989-90,2020-21,32,2511,987,1524,.393,9,1,0,0,"Minneapolis, Minnesota",32,"987-1524, .393 W-L%"
New Orleans Pelicans,/teams/NOH/,NBA,2002-03,2020-21,19,1484,688,796,.464,7,1,0,0,"New Orleans, Louisiana",19,"688-796, .464 W-L%"
New York Knicks,/teams/NYK/,NBA/BAA,1946-47,2020-21,75,5823,2817,3006,.484,42,8,4,2,"New York, New York",75,"2817-3006, .484 W-L%"
Oklahoma City Thunder,/teams/OKC/,NBA,1967-68,2020-21,54,4322,2341,1981,.542,32,11,4,1,"Oklahoma City, Oklahoma",54,"2341-1981, .542 W-L%"
Orlando Magic,/teams/ORL/,NBA,1989-90,2020-21,32,2520,1204,1316,.478,16,6,2,0,"Orlando, Florida",32,"1204-1316, .478 W-L%"
Philadelphia 76ers,/teams/PHI/,NBA,1949-50,2020-21,72,5658,2923,2735,.517,50,11,5,3,"Philadelphia, Pennsylvania",72,"2923-2735, .517 W-L%"
Phoenix Suns,/teams/PHO/,NBA,1968-69,2020-21,53,4241,2243,1998,.529,29,6,2,0,"Phoenix, Arizona",53,"2243-1998, .529 W-L%"
Portland Trail Blazers,/teams/POR/,NBA,1970-71,2020-21,51,4077,2188,1889,.537,36,6,3,1,"Portland, Oregon",51,"2188-1889, .537 W-L%"
Sacramento Kings,/teams/SAC/,NBA/BAA,1948-49,2020-21,73,5721,2606,3115,.456,29,5,0,1,"Sacramento, California",73,"2606-3115, .456 W-L%"
San Antonio Spurs,/teams/SAS/,NBA/ABA,1967-68,2020-21,54,4324,2590,1734,.599,47,22,6,5,"San Antonio, Texas",54 (45 NBA & 9 ABA),"2590-1734, .599 W-L%"
Toronto Raptors,/teams/TOR/,NBA,1995-96,2020-21,26,2026,972,1054,.480,12,7,1,1,"Toronto, Canada",26,"972-1054, .480 W-L%"
Utah Jazz,/teams/UTA/,NBA,1974-75,2020-21,47,3749,2035,1714,.543,29,9,2,0,"Salt Lake City, Utah",47,"2035-1714, .543 W-L%"
Washington Wizards,/teams/WAS/,NBA,1961-62,2020-21,60,4802,2166,2636,.451,29,8,4,1,"Washington, District of Columbia",60,"2166-2636, .451 W-L%"
